{
  "cv_mae_seconds": {
    "fold_mae": [
      4.669969226267336,
      5.066351626349611,
      3.1505882234496174,
      4.634797152180951
    ],
    "mean_mae": 4.380426557061879
  }
}